AXX;AYY;AZZ;ACC_TOTAL
756;-693;145;1035.765417
763;-694;177;1046.486503
740;-705;171;1036.27506
738;-707;147;1032.522155
756;-695;83;1030.266956
820;-730;108;1103.160913
753;-847;111;1138.744484
673;-1033;62;1234.448055
733;-1058;212;1304.452759
270;-1446;643;1605.386246
-208;-1743;1094;2068.368681
-360;-1891;1166;2250.563707
-414;-1764;1062;2100.222845
-331;-1421;809;1668.317416
-199;-894;445;1018.264209
-76;-367;123;394.4540531
20;42;-77;89.96110271
112;264;-110;307.1481727
233;277;-56;366.2703919
364;158;21;397.367588
562;-32;41;564.4014529
725;-387;96;827.4116267
1321;-1213;272;1813.944321
1595;-1084;168;1935.795702
1210;-1561;-128;1979.193017
1357;-1800;-191;2262.284244
1577;-1533;-236;2211.94801
1010;-1252;-12;1608.647879
848;-799;188;1180.190239
782;-780;244;1131.132176
772;-717;274;1088.645489
650;-771;270;1043.954501
626;-804;260;1051.613998
613;-803;239;1038.122825
627;-797;233;1040.493633
652;-769;242;1036.836053
665;-760;257;1042.052782
635;-755;255;1018.957801
650;-739;223;1009.133291
714;-704;192;1020.919194
724;-724;206;1044.407966
760;-718;201;1064.671311
853;-813;180;1192.047818
992;-1065;247;1476.24456
1083;-1471;178;1835.32395
1286;-1623;103;2073.290621
1482;-1444;41;2069.575077
1266;-1009;103;1622.173234
1266;-1009;103;1622.173234
961;-644;8;1156.858245
993;31;-186;1010.74527
945;433;-249;1068.884933
737;393;-196;857.9242391
428;43;-62;434.5998159
207;-437;149;505.9832013
-43;-864;566;1033.779957
-218;-1276;850;1548.612282
-351;-1589;919;1868.87212
-544;-1699;1147;2120.883307
-622;-1869;1397;2414.881778
-60;-1667;576;1764.728024
716;-1064;-45;1283.268094
605;-1113;182;1279.811705
562;-944;210;1118.516875
507;-861;232;1025.76508
510;-799;277;987.5373411
516;-772;243;959.8380072
476;-833;248;990.9434898
590;-846;243;1059.653245
631;-870;250;1103.431466
600;-825;277;1057.049668
600;-806;226;1029.908734
639;-799;203;1043.039309
685;-778;220;1059.674006
714;-761;263;1076.144042
740;-729;298;1080.668774
733;-727;273;1067.87031
731;-726;252;1060.632359
739;-712;253;1056.917215
710;-731;212;1040.867427
681;-748;194;1030.000485
655;-730;203;1001.565774
720;-777;248;1087.948988
784;-945;217;1246.904166
996;-1100;285;1511.039708
1292;-1257;244;1819.024189
1173;-1345;197;1795.484057
1086;-1314;96;1707.39802
840;-1097;111;1386.120485
467;-900;283;1052.700337
123;-596;380;717.4573158
-213;-500;475;721.799141
-367;-436;505;761.4525593
-488;-321;513;777.4020839
-654;-340;507;894.6312089
-762;-316;492;960.5019521
-776;-286;484;958.2421406
-722;-192;453;873.7030388
-734;-192;470;892.4796916
-497;-311;380;698.6630089
46;-583;331;671.986607
802;-907;231;1232.563994
1177;-1228;397;1746.688868
1227;-1340;377;1855.601789
965;-1333;126;1650.451453
1258;-1361;38;1853.7338
897;-1231;75;1524.990164
792;-903;205;1218.481842
778;-768;259;1123.471851
720;-750;318;1087.209271
720;-750;318;1087.209271
680;-754;274;1051.661543
678;-761;273;1055.146435
681;-782;277;1073.319151
669;-797;262;1073.039608
656;-784;212;1044
709;-754;206;1055.288112
665;-754;181;1021.519456
688;-710;230;1015.058619
712;-678;226;1008.813164
757;-667;199;1028.367152
773;-662;175;1032.665483
797;-641;180;1038.503731
834;-682;158;1088.872812
828;-703;215;1107.256971
788;-662;238;1056.329494
728;-643;199;991.4807109
707;-648;164;972.9588892
787;-684;137;1051.662493
818;-785;114;1139.449428
862;-946;31;1280.203499
993;-1056;17;1449.646164
975;-1154;81;1512.911762
777;-1162;228;1416.318114
55;-1482;749;1661.430107
-407;-1636;1200;2069.334434
-609;-1613;1182;2090.40044
-724;-1425;979;1874.364426
-711;-1165;716;1541.233921
-563;-806;342;1040.946204
-431;-325;75;544.9871558
-260;97;-95;293.3155298
-116;324;-129;367.5227884
143;336;-148;394.0164971
365;222;-119;443.4749147
248;-185;131;335.9910713
708;-1112;611;1452.97247
1374;-931;305;1687.501704
1641;-1207;208;2047.680151
1262;-1260;-14;1783.378816
1392;-1014;-105;1725.365179
1328;-1153;76;1760.332071
989;-1064;58;1453.816013
772;-873;153;1175.38164
706;-757;281;1072.588458
715;-736;334;1079.109355
685;-751;293;1057.863413
637;-772;258;1033.594214
630;-785;268;1041.608852
609;-780;241;1018.509696
595;-784;223;1009.16302
603;-792;216;1018.591675
626;-777;232;1024.416419
658;-742;236;1019.423366
672;-763;214;1039.013474
725;-768;221;1079.022706
800;-852;245;1194.122691
885;-1079;238;1415.665921
1143;-1283;225;1732.963646
1342;-1512;123;2025.397986
1494;-1507;14;2122.093542
1321;-1126;-25;1735.955645
1321;-1126;212;1748.674069
825;-945;212;1272.239757
858;-309;-76;915.1070976
876;313;18;930.413349
700;429;-4;821.0097442
464;311;31;559.4443672
270;-86;81;294.7151167
90;-503;353;621.0619937
-141;-906;701;1154.174164
-279;-1273;878;1571.386012
-326;-1502;889;1775.556532
-272;-1525;841;1762.637229
-229;-1410;1039;1766.369723
-45;-1586;1144;1956.056492
428;-1451;408;1566.859598
875;-958;78;1299.797292
698;-940;188;1185.811115
599;-863;162;1062.927091
541;-820;237;1010.569147
458;-835;325;1006.287235
471;-796;274;964.6413841
587;-786;267;1016.687759
684;-843;189;1101.919235
685;-833;187;1094.569778
652;-784;220;1043.149079
676;-755;214;1035.759142
677;-763;225;1044.568332
711;-739;260;1057.942342
726;-716;291;1060.383421
732;-703;284;1053.892309
732;-701;258;1045.843679
743;-691;235;1041.515722
760;-665;209;1031.264273
752;-671;200;1027.494526
738;-657;231;1014.71868
726;-671;239;1017.073252
710;-696;257;1026.920153
719;-727;281;1060.401339
769;-733;279;1098.403842
798;-872;224;1203.064421
870;-1184;125;1474.578245
1207;-1414;229;1873.148686
1365;-1477;257;2027.511529
1229;-1489;49;1931.311213
1052;-1105;68;1527.204309
605;-874;225;1086.520133
225;-530;290;644.6898479
-233;-343;375;559.0733404
-593;-188;470;779.6749323
-828;-94;594;1023.355266
-1024;-179;690;1247.684656
-1025;-71;644;1212.601336
-1078;-35;597;1232.768429
-1080;-32;547;1211.046242
-718;-344;323;859.1792595
154;-767;254;822.5089665
940;-1008;270;1404.479975
1261;-1283;421;1847.552706
1236;-1352;294;1855.272487
877;-1316;59;1582.550473
1136;-1167;439;1686.744201
1024;-1122;362;1561.571004
819;-965;342;1311.087335
819;-965;342;1311.087335
746;-833;339;1168.471651
653;-814;363;1104.88642
613;-820;334;1076.905288
625;-834;298;1083.96725
628;-822;298;1076.509173
602;-808;277;1044.986603
567;-827;246;1032.440797
581;-802;224;1015.352648
617;-744;251;998.6120368
620;-747;251;1002.701351
662;-755;190;1021.943736
707;-745;156;1038.850326
734;-734;137;1047.034383
727;-755;137;1057.035004
794;-722;136;1081.765224
824;-715;113;1096.799891
819;-806;77;1151.662277
886;-898;156;1271.116045
822;-1020;101;1313.881654
778;-1054;27;1310.316374
739;-1081;6;1309.472413
501;-1055;136;1175.806957
-167;-1346;687;1520.386135
-597;-1562;1180;2046.619896
-609;-1554;1197;2053.924536
-631;-1424;1053;1880.092019
-559;-1180;824;1543.974417
-442;-903;599;1170.287999
-287;-610;411;789.550505
-151;-345;275;466.3164162
-38;-126;168;213.4104027
98;55;77;136.2277505
294;193;-1;351.6902046
523;141;-30;542.5034562
807;-82;-22;811.4536339
802;-739;263;1121.82619
1421;-1304;422;1974.269738
1426;-1358;113;1972.411975
1233;-1385;1;1854.323327
996;-1282;94;1626.153744
1078;-1342;613;1827.243005
1250;-1316;379;1854.183648
952;-1301;135;1617.754617
782;-977;230;1272.380839
817;-677;340;1114.189391
861;-567;289;1070.668483
792;-694;242;1080.49248
674;-768;223;1045.862802
610;-814;230;1042.878708
591;-787;259;1017.708701
598;-786;257;1020.514086
611;-796;285;1043.150037
635;-822;287;1077.626095
629;-945;226;1157.472246
704;-1009;222;1250.192385
788;-1062;219;1340.428663
1069;-1237;287;1659.909335
1238;-1327;280;1836.293277
1393;-1325;218;1934.837978
1286;-1156;167;1737.245233
900;-1032;274;1396.45981
900;-1032;274;1396.45981
719;-736;206;1049.329786
718;-148;-20;733.367575
729;234;-98;771.8814676
597;342;-90;693.8825549
433;197;-47;478.024058
270;-118;20;295.3370955
111;-555;258;622.0209
-135;-978;666;1190.909316
-406;-1417;785;1670.01497
-534;-1713;850;1985.453349
-663;-1876;1159;2302.656292
-648;-1958;1314;2445.45783
696;-1195;358;1428.497462
631;-1369;315;1539.982792
554;-1108;220;1258.165331
495;-924;206;1068.286946
482;-825;281;995.9467857
492;-705;372;936.7352881
531;-753;304;970.2504831
646;-805;233;1058.125701
624;-816;243;1055.595093
605;-807;220;1032.314874
623;-828;210;1057.266759
641;-807;249;1060.250442
665;-777;306;1067.515808
679;-771;312;1073.69735
696;-783;307;1091.67486
686;-758;331;1074.579453
658;-749;364;1061.34867
631;-771;326;1048.273819
600;-791;265;1027.572868
604;-775;263;1017.157805
630;-741;280;1012.117088
687;-731;264;1037.316731
733;-780;238;1096.509462
780;-924;229;1230.69777
1089;-1137;262;1596.036967
1415;-1380;238;1990.796072
1420;-1437;164;2026.885542
1277;-1312;-11;1830.899779
890;-1123;113;1437.357993
444;-813;262;962.6780355
40;-522;349;629.1939288
-353;-319;433;643.318739
-637;-241;573;890.0443809
-763;-173;616;995.7680453
-859;-180;680;1110.261681
-899;-218;632;1120.334325
-891;-211;608;1099.120558
-802;-169;503;961.6517041
-831;-150;431;948.0622342
-555;-346;343;738.5052471
160;-648;220;702.7830391
1034;-986;133;1434.935887
1314;-1346;374;1917.860266
1344;-1393;350;1967.049821
1031;-1368;159;1720.367984
785;-1201;82;1437.132562
953;-1030;265;1428.05252
834;-1005;222;1324.713177
745;-934;216;1214.099255
745;-934;216;1214.099255
688;-841;226;1109.820256
662;-772;304;1061.434878
638;-794;291;1059.321009
630;-812;276;1064.152245
635;-816;272;1069.14218
630;-797;265;1049.920949
627;-775;218;1020.430301
615;-768;195;1003.032402
647;-728;213;996.976429
694;-700;190;1003.860548
757;-712;177;1054.192582
747;-721;166;1051.382899
716;-739;185;1045.46736
723;-726;178;1039.946633
742;-780;204;1095.709816
753;-781;243;1111.763914
689;-766;198;1049.133452
663;-805;119;1049.645178
648;-838;74;1061.896417
730;-842;159;1125.675353
840;-938;205;1275.722932
898;-1044;209;1392.846366
775;-1134;248;1395.738156
226;-1432;670;1597.059799
-272;-1649;1069;1983.921873
-449;-1638;1077;2011.112627
-630;-1481;997;1893.216839
-653;-1209;815;1597.596632
-595;-905;571;1224.373717
-483;-593;348;840.263054
-334;-286;157;466.9057721
-175;-26;17;177.7357589
-37;159;-29;165.8041013
163;226;-77;289.091681
435;150;-183;495.1908723
504;-142;-88;530.9651589
1065;-705;709;1460.79807
1553;-733;353;1753.199076
1752;-1196;356;2150.966294
1375;-1201;125;1829.931966
1044;-1174;163;1579.487575
1035;-1506;161;1834.44324
894;-1482;8;1730.787104
724;-1097;92;1317.592122
840;-672;216;1097.196427
846;-608;270;1076.234175
766;-730;250;1087.269976
709;-771;273;1082.428289
650;-820;248;1075.362265
606;-830;232;1053.546392
593;-794;253;1022.787368
603;-713;292;978.3874488
629;-728;305;1009.281923
634;-797;269;1053.340401
629;-875;208;1097.51082
699;-957;185;1199.44779
782;-1139;191;1394.74944
1010;-1279;240;1647.282914
1221;-1413;180;1876.115668
1466;-1459;129;2072.312235
1403;-1204;140;1854.083331
1403;-1204;140;1854.083331
889;-1104;289;1446.602226
650;-791;247;1053.180896
740;-190;39;764.9973856
720;182;5;742.66345
611;314;25;687.4169041
475;261;57;544.9724764
338;-3;58;342.9533496
178;-338;193;427.9918224
-44;-732;466;868.8590219
-245;-1154;719;1381.557816
-371;-1523;790;1755.354665
-398;-1709;819;1936.45191
-435;-1853;1005;2152.407722
-381;-1946;722;2110.298794
790;-997;-145;1280.286687
565;-1142;160;1284.129666
420;-985;217;1092.572194
396;-864;249;982.5034351
454;-703;379;918.6762215
576;-703;361;977.9089937
683;-807;218;1079.47302
607;-838;208;1055.441614
613;-792;177;1017.035889
652;-798;175;1045.243034
677;-775;230;1054.444878
687;-757;278;1059.387559
714;-725;315;1065.197634
727;-738;300;1078.504984
695;-748;343;1077.115593
669;-759;338;1066.717395
671;-760;315;1061.633647
668;-741;248;1028.012159
661;-732;230;1012.741329
676;-728;261;1027.171359
732;-755;265;1084.469456
778;-863;213;1181.279814
928;-1089;70;1432.482112
1164;-1413;229;1844.96775
1382;-1556;212;2091.890054
1444;-1520;87;2098.357691
1271;-1223;129;1768.561845
700;-891;216;1153.489055
226;-613;293;716.0265358
-115;-448;364;588.5787968
-388;-419;474;742.146212
-550;-298;524;816.0147057
-724;-284;562;959.5186293
-875;-283;597;1096.413699
-980;-309;579;1179.45835
-1016;-293;544;1189.134559
-969;-256;413;1084.004613
-862;-116;351;937.9237709
-813;-161;225;858.7869352
-241;-413;116;492.0426811
662;-824;234;1082.578404
1241;-1047;371;1665.512234
1551;-1257;568;2075.638215
1390;-1344;432;1981.176418
992;-1336;23;1664.178176
708;-1225;-87;1417.553526
970;-1081;308;1484.696939
970;-1081;308;1484.696939
829;-1010;244;1329.239256
733;-927;225;1203.014131
653;-842;237;1091.577757
628;-789;291;1049.564672
605;-801;301;1047.963263
592;-813;283;1044.759302
621;-816;284;1064.026785
626;-785;277;1041.551727
619;-780;241;1024.520376
623;-780;213;1020.73405
642;-750;222;1011.903157
677;-728;233;1021.078841
737;-709;218;1045.645255
752;-696;164;1037.697451
770;-680;169;1041.086452
764;-695;163;1045.605088
812;-711;190;1095.885487
812;-716;191;1099.309329
781;-702;162;1062.548352
746;-801;106;1099.70587
788;-979;85;1259.607082
1002;-1118;148;1508.586093
1041;-1131;89;1539.728223
989;-1112;92;1491.016096
755;-998;193;1266.206144
-24;-1343;710;1519.317281
-626;-1544;1106;1999.761986
-795;-1522;1189;2088.595222
-871;-1374;1099;1963.241707
-756;-1083;846;1568.483663
-595;-776;573;1133.371078
-411;-470;354;717.7304508
-233;-200;201;367.0013624
-96;-8;137;167.4783568
46;101;101;150.059988
216;136;71;264.9396158
500;71;-97;514.2470224
228;-199;67;309.9580617
448;-1100;488;1284.074764
1244;-1294;178;1803.789345
1586;-1387;83;2108.566812
1449;-1311;167;1961.175923
1152;-1224;304;1708.126459
1287;-559;462;1477.258948
1220;-1035;131;1605.237054
946;-1036;61;1404.255319
815;-639;248;1064.917837
901;-448;305;1051.441867
832;-621;283;1076.082711
741;-730;266;1073.655904
652;-788;232;1048.747825
592;-825;231;1041.369291
549;-830;245;1024.854136
585;-783;256;1010.371219
613;-765;280;1019.506743
622;-853;262;1087.721012
629;-972;200;1174.914891
752;-1075;198;1326.775414
1069;-1243;289;1664.73151
1296;-1364;287;1903.28164
1539;-1505;172;2159.428165
1539;-1505;92;2154.532432
1705;-1326;92;2161.88922
1139;-1177;209;1651.160501
677;-822;306;1107.993231
760;-196;-153;799.6405442
790;371;-77;876.1677921
676;451;-76;816.181965
540;336;8;636.0503125
386;20;56;390.5534534
197;-377;213;475.7173531
18;-753;599;962.358561
-212;-1154;967;1520.443685
-400;-1572;1004;1907.668734
-475;-1647;1043;2006.510154
-890;-1843;1392;2475.159187
335;-1905;216;1946.254351
737;-1309;52;1503.114766
652;-1161;197;1346.043833
554;-1011;250;1179.634265
586;-838;301;1065.946059
519;-708;303;928.6732472
293;-644;282;761.6488692
103;-615;326;703.6405332
528;-784;424;1035.961389
893;-972;94;1323.279638
679;-923;155;1156.284999
638;-801;237;1051.101327
617;-817;238;1051.105133
668;-775;334;1076.292247
691;-759;344;1082.542378
684;-752;354;1076.418134
668;-729;361;1052.609139
618;-771;368;1054.414055
596;-820;324;1064.233057
595;-816;324;1060.592759
617;-801;296;1053.520764
651;-763;287;1043.234873
707;-752;267;1066.134138
737;-760;239;1085.306408
715;-865;220;1143.612697
837;-1056;322;1385.420153
1155;-1289;359;1767.604877
1246;-1309;270;1827.264896
1181;-1276;96;1741.307842
1020;-1186;98;1567.354459
669;-945;241;1182.652527
239;-645;389;790.2322443
-215;-422;442;647.8217347
-567;-291;469;791.2843989
-823;-118;504;972.2494536
-987;28;513;1112.709306
-1264;16;516;1365.360026
-1443;-106;409;1503.584384
-1063;-238;278;1124.231738
105;-585;200;627.0964838
1028;-961;435;1472.932449
1374;-1288;514;1952.182369
1243;-1335;296;1847.942099
927;-1199;131;1521.21366
1014;-1476;171;1798.892159
845;-1315;53;1563.988171
743;-988;279;1267.293967
743;-764;374;1129.433929
680;-760;374;1086.220972
639;-782;345;1067.178523
678;-772;330;1079.151519
682;-720;329;1044.875591
673;-764;234;1044.691821
677;-791;155;1052.632414
664;-792;165;1046.606421
680;-732;205;1019.925978
703;-685;241;1010.700252
720;-703;232;1032.682429
749;-697;204;1043.276569
763;-681;175;1037.571684
767;-689;179;1046.446845
784;-717;186;1078.582867
791;-697;206;1074.209477
715;-688;131;1000.864626
726;-710;99;1020.282804
764;-729;109;1061.61104
788;-784;161;1123.174519
812;-885;156;1211.158536
919;-929;195;1321.221783
947;-1074;136;1438.325763
863;-1105;138;1408.842788
604;-1100;270;1283.633904
2;-1438;740;1617.234677
-329;-1549;1052;1901.14334
-533;-1527;1100;1955.969836
-600;-1373;1000;1801.424159
-564;-1128;805;1496.163427
-490;-846;574;1133.707193
-358;-548;346;740.3944894
-202;-253;177;368.9742538
-92;-25;91;131.7952958
54;92;40;113.9298029
194;102;23;220.3837562
389;34;20;390.9948849
568;-101;63;580.3395558
439;-561;109;720.6406872
843;-1196;577;1572.893512
1442;-1137;433;1886.696054
1218;-1448;379;1929.732883
1102;-1393;195;1786.862614
880;-1258;174;1545.069578
1097;-1497;27;1856.110719
929;-1413;-56;1691.96513
756;-1027;52;1276.310699
731;-757;265;1085.188924
789;-653;303;1068.053838
776;-692;260;1071.746239
724;-730;242;1056.238609
679;-768;228;1050.166177
641;-780;211;1031.407776
625;-785;222;1027.683804
611;-764;230;1004.946267
637;-767;248;1027.40547
652;-803;258;1066.056753
683;-820;243;1094.50354
693;-957;195;1197.548746
836;-1236;189;1504.098733
1007;-1332;262;1690.241699
1262;-1411;284;1914.215505
1262;-1446;264;1937.332186
1475;-1446;264;2082.363321
1529;-1212;216;1963.018339
975;-1083;262;1480.5938
606;-784;257;1023.689894
782;-135;-15;793.7090147
766;249;-99;811.5158655
628;320;-115;714.1491441
434;203;-68;483.9307802
241;-68;7;250.5074849
-19;-406;182;445.3324601
-191;-707;541;910.5004119
-325;-1044;838;1377.608435
-407;-1392;873;1692.761649
-364;-1530;924;1824.053727
-702;-1785;1482;2423.912746
669;-995;-65;1200.754346
523;-1215;338;1365.283121
377;-987;229;1081.082328
338;-945;272;1039.83316
418;-866;325;1015.039408
470;-765;381;975.3389155
505;-774;343;985.7738077
580;-806;305;1038.77861
603;-836;288;1070.256511
609;-802;254;1038.557172
603;-796;255;1030.655131
632;-804;254;1053.734312
646;-796;257;1056.873219
656;-783;292;1062.39776
677;-769;286;1063.713307
670;-803;284;1083.681226
672;-771;346;1079.694864
657;-766;359;1071.114373
657;-745;348;1052.510332
668;-682;334;1011.387166
637;-761;208;1013.97929
633;-760;203;1009.701936
697;-719;234;1028.360832
714;-786;226;1085.664773
778;-926;133;1216.73703
1108;-1237;185;1670.945241
1207;-1311;301;1807.255101
1232;-1284;176;1788.143171
1132;-1287;62;1715.120112
967;-1130;84;1489.645931
563;-960;236;1137.657681
159;-709;337;800.9563034
-157;-522;412;683.283982
-365;-392;489;725.2654686
-546;-295;531;816.7631236
-730;-260;553;952.002626
-826;-250;583;1041.472515
-867;-244;564;1062.695159
-868;-233;509;1032.857202
-876;-100;420;976.6145606
-885;-248;312;970.6044508
-225;-521;236;614.623462
698;-883;142;1134.485346
1168;-1208;396;1726.355699
1316;-1314;413;1904.99895
1032;-1291;238;1669.835022
1210;-835;208;1484.785843
1210;-835;208;1484.785843
1173;-1036;59;1566.111746
840;-952;144;1277.748019
762;-723;242;1077.931816
694;-727;278;1042.808228
693;-713;289;1035.441452
668;-731;287;1030.996605
697;-729;264;1042.567024
688;-728;250;1032.389461
686;-748;214;1037.254067
725;-717;234;1046.169202
696;-721;227;1027.514477
697;-699;244;1016.831353
716;-690;216;1017.551964
744;-701;189;1039.547017
748;-708;201;1049.365999
749;-694;211;1042.668691
752;-717;186;1055.551515
796;-704;202;1081.682024
761;-663;163;1022.379088
760;-694;163;1042.019674
745;-734;149;1056.400492
775;-750;143;1087.921872
784;-865;129;1174.530545
881;-1040;93;1366.166169
1042;-1126;133;1539.91201
1042;-1143;150;1553.934683
846;-1079;145;1378.761038
181;-1231;576;1371.093724
-402;-1499;876;1782.128222
-646;-1420;1076;1895.123215
-723;-1295;974;1774.381582
-657;-1036;807;1468.398447
-522;-746;537;1057.056763
-388;-466;318;684.7072367
-226;-212;161;349.2005155
-77;-41;82;119.7246842
71;32;64;100.8017857
259;9;61;266.2386148
485;-66;25;490.1081513
568;-378;51;684.1849165
1003;-1209;406;1622.506086
1232;-1237;180;1755.10484
1420;-1304;189;1937.146613
1086;-1178;239;1619.938579
1072;-1042;350;1535.39832
1379;-1046;156;1737.841477
989;-1165;34;1528.562069
819;-902;126;1224.843255
758;-716;264;1075.600298
761;-701;259;1066.584736
777;-691;269;1074.044226
741;-717;266;1064.859615
694;-758;221;1051.209304
676;-760;204;1037.396742
651;-775;212;1034.103476
640;-799;232;1049.678522
649;-817;260;1075.309258
685;-840;257;1113.945241
769;-927;230;1226.209607
897;-1024;258;1385.550071
1165;-1263;241;1735.072045
1165;-1422;165;1845.679821
1303;-1422;165;1935.747401
1301;-1347;72;1874.084843
1162;-1017;117;1548.619385
782;-923;251;1235.497471
830;-489;31;963.8371232
813;-38;-51;815.4839054
680;201;-40;710.2119402
511;225;47;560.3168746
327;18;121;349.1332124
114;-324;286;446.9541363
-43;-686;556;884.0706985
-149;-1027;856;1345.238269
-267;-1339;900;1635.301195
-263;-1490;898;1759.452472
-414;-1509;1098;1911.565066
-263;-1740;1081;2065.267537
297;-1669;323;1725.716952
837;-1150;-66;1423.87675
557;-1173;187;1311.924922
435;-985;199;1095.011872
388;-880;268;998.3826922
478;-792;333;983.1769932
628;-777;356;1060.588987
638;-759;308;1038.262491
631;-759;305;1033.086153
664;-797;211;1058.59624
681;-799;209;1070.440564
672;-775;260;1058.210282
694;-744;291;1058.231071
744;-712;294;1070.941642
722;-722;339;1075.866627
660;-750;330;1052.140675
654;-784;266;1055.048814
669;-763;239;1042.521463
643;-739;260;1013.493957
632;-715;285;995.9287123
677;-710;261;1015.160086
738;-721;228;1056.630967
763;-738;176;1076.006041
697;-912;217;1168.178925
862;-1221;253;1515.880602
1121;-1311;312;1752.913575
1202;-1312;202;1790.796471
1109;-1316;69;1722.352461
986;-1114;29;1487.962701
607;-996;277;1198.830263
304;-647;402;820.1396223
-122;-512;479;711.6663544
-382;-440;531;788.3431994
-524;-311;561;828.2620358
-664;-264;557;906.0027594
-757;-227;577;978.5228664
-826;-225;566;1026.283099
-812;-197;489;968.1291236
-811;-173;448;942.5253312
-583;-250;343;721.1366029
-115;-539;372;664.9285676
783;-867;112;1173.593626
1150;-1284;261;1743.352231
1310;-1377;290;1922.583938
1071;-1353;253;1744.035263
1279;-1237;-9;1779.351286
1279;-1237;-9;1779.351286
903;-1074;83;1405.622282
776;-836;231;1163.8011
746;-787;302;1125.650479
669;-777;298;1067.751844
660;-799;273;1071.694919
647;-798;263;1060.463106
682;-751;277;1051.59593
698;-713;262;1031.608938
680;-714;218;1009.811864
701;-739;183;1034.896613
695;-702;226;1013.363212
711;-666;258;1007.790157
740;-642;237;1007.935018
792;-670;194;1055.367235
753;-716;171;1053.046058
757;-735;186;1071.386952
808;-698;223;1090.778163
745;-696;181;1035.471873
715;-750;152;1047.296042
721;-820;154;1102.704403
748;-899;132;1176.915035
825;-935;106;1251.433578
944;-982;142;1369.534227
1006;-1103;120;1497.679872
934;-1107;107;1452.327098
635;-948;208;1159.824556
-55;-1219;656;1385.395972
-463;-1357;947;1718.320983
-714;-1363;1070;1874.157144
-835;-1212;949;1751.219575
-720;-980;706;1406.14224
-551;-733;426;1011.12116
-397;-468;218;651.2733681
-243;-229;88;345.3027657
-120;-71;57;150.6320019
40;2;90;98.50888285
208;-38;83;227.1497304
467;-111;-1;480.0114582
647;-311;12;717.9651802
1335;-1175;406;1824.194617
1239;-1419;209;1895.353001
1245;-1511;168;1965.036895
1027;-1223;200;1609.489981
918;-1631;-110;1874.829326
829;-1471;-142;1694.47514
720;-1030;68;1258.540424
702;-830;239;1113.025157
691;-794;295;1093.134027
721;-670;267;1019.818611
753;-631;221;1006.981132
706;-712;236;1030.085433
673;-761;242;1044.324662
658;-769;217;1035.0913
639;-798;195;1040.744926
641;-782;222;1035.22413
650;-748;264;1025.524256
670;-749;265;1039.291105
681;-802;239;1078.928172
696;-911;223;1167.932361
754;-1107;173;1350.516198
1145;-1283;237;1735.881044
1145;-1283;237;1735.881044
1294;-1367;188;1891.68417
1395;-1441;111;2008.68788
1402;-1225;39;1862.189571
1041;-979;190;1441.603968
635;-733;353;1032.047964
759;-160;-3;775.6867925
758;288;-38;811.7585848
639;377;-51;743.6739877
464;226;8;516.1743891
291;-89;123;328.2240089
75;-514;316;608.0106907
-98;-890;667;1116.509292
-237;-1223;891;1531.593615
-337;-1479;941;1785.074508
-430;-1707;1390;2242.955416
-451;-1867;1335;2339.084223
463;-1327;468;1481.324407
901;-1301;-138;1588.535804
770;-1194;-22;1420.922236
522;-1048;115;1176.440819
384;-883;219;987.4745566
487;-760;363;972.901845
584;-770;381;1038.805564
552;-790;303;1010.253928
583;-797;224;1012.558146
627;-859;146;1073.464485
694;-812;204;1087.472298
666;-784;278;1065.596547
689;-766;292;1070.859935
688;-766;258;1061.444299
661;-769;315;1061.841325
641;-783;344;1068.787163
631;-790;326;1062.326221
633;-766;259;1026.901164
645;-757;200;1014.432846
708;-735;184;1036.988428
777;-754;200;1101.019982
802;-902;194;1222.47454
949;-1212;169;1548.581932
1220;-1423;195;1884.503648
1194;-1398;150;1844.597517
1062;-1294;49;1674.718185
946;-1087;134;1447.218366
570;-916;284;1115.6218
180;-640;386;768.7626422
-195;-460;458;677.7824135
-422;-411;513;781.1363517
-502;-320;528;795.7311104
-620;-279;523;857.7703655
-704;-302;549;942.4547735
-751;-321;560;990.2736995
-704;-314;520;929.8451484
-657;-314;532;901.8142824
-655;-291;457;850.0323523
-375;-537;336;736.1317817
344;-811;207;904.9342518
937;-1021;228;1404.419453
1241;-1239;407;1800.236373
1184;-1275;359;1776.615321
898;-1251;143;1546.561994
1203;-1140;89;1659.737931
1203;-1140;89;1659.737931
908;-1047;107;1390.007914
789;-867;209;1190.752283
759;-780;267;1120.61144
671;-772;293;1063.989662
639;-776;262;1038.817116
640;-786;275;1050.248066
641;-797;287;1062.289509
646;-789;276;1056.415165
646;-773;236;1034.669512
642;-772;203;1024.381277
637;-776;201;1023.887689
648;-765;209;1024.114251
689;-740;205;1031.671459
742;-689;190;1030.23541
768;-678;166;1037.81694
817;-727;191;1110.179715
819;-671;199;1077.312861
741;-671;126;1007.570345
738;-726;97;1039.773533
733;-789;117;1083.281589
746;-892;85;1165.935247
879;-986;186;1333.953897
1009;-1080;208;1492.563231
911;-1157;130;1478.333521
764;-1130;134;1370.602787
343;-1102;443;1236.245121
-148;-1318;794;1545.789119
-421;-1388;1050;1790.610231
-671;-1359;1125;1887.52404
-733;-1193;994;1717.141229
-692;-958;741;1394.886734
-584;-676;494;1020.81732
-413;-380;278;626.3010458
-227;-111;136;286.9599275
-108;65;97;159.0534501
45;122;120;176.9434938
237;74;155;292.6943799
444;-55;184;483.7530362
428;-466;151;650.49289
729;-951;578;1330.385658
1385;-1250;477;1925.682736
1567;-1094;330;1939.38779
983;-1441;-77;1746.052405
854;-1304;-190;1570.296787
1177;-1301;595;1852.553643
1035;-1336;117;1694.051357
792;-984;54;1264.292688
710;-774;204;1069.949532
727;-748;306;1087.045997
730;-703;292;1054.69095
733;-697;271;1047.157581
701;-741;239;1047.6655
642;-763;232;1023.79539
620;-776;232;1020
598;-786;246;1017.799587
599;-787;243;1018.439493
632;-768;243;1023.86376
650;-774;234;1037.464216
705;-779;240;1077.71332
770;-845;255;1171.302694
793;-1077;212;1354.149918
793;-1077;212;1354.149918
1045;-1336;219;1710.22864
1273;-1538;90;1998.517701
1515;-1535;60;2157.556488
1512;-1187;63;1923.299769
953;-1058;229;1442.225364
734;-521;59;902.041019
751;124;-12;761.2627667
733;387;-80;832.7412563
563;361;-38;669.8761079
358;48;-4;361.2256912
121;-353;169;409.6474094
-156;-727;602;956.6969217
-413;-1144;922;1526.233599
-544;-1468;1039;1878.957424
-585;-1483;1369;2101.350756
-745;-1761;1506;2433.964256
-26;-1200;734;1406.922883
450;-1115;745;1414.478703
683;-1443;247;1615.471139
600;-1320;177;1460.728928
534;-1024;197;1171.55495
446;-911;215;1036.851966
505;-774;329;980.990316
635;-732;354;1031.680668
672;-756;313;1058.814904
623;-782;304;1045.021052
616;-806;281;1052.640964
635;-804;256;1056.019413
655;-793;281;1066.224648
655;-794;294;1070.465786
655;-778;297;1059.4895
659;-784;330;1076.028345
658;-764;380;1077.524942
640;-763;388;1068.790438
653;-734;365;1048.04103
641;-765;263;1032.121601
656;-746;217;1016.828894
677;-708;224;1004.872629
726;-715;247;1048.479852
721;-803;241;1105.771676
741;-1013;174;1267.093525
1006;-1122;282;1533.115782
1051;-1095;309;1548.905097
934;-1206;250;1545.733483
922;-1203;142;1522.319612
860;-1118;123;1415.857691
610;-980;266;1184.591069
345;-747;407;917.9776686
59;-587;490;766.9093819
-220;-469;538;746.8634413
-437;-383;553;802.1639483
-632;-273;577;898.2661076
-757;-226;568;973.0102774
-865;-229;540;1045.115305
-899;-161;445;1015.946357
-659;-334;323;806.3287171
-174;-658;309;747.476421
495;-784;311;977.9580768
890;-1006;452;1417.194412
1032;-1162;428;1611.971464
920;-1282;201;1590.699532
915;-1282;201;1587.812961
748;-1271;-19;1474.89186
816;-1237;266;1505.583276
814;-1108;231;1394.138085
740;-913;261;1203.86461
722;-802;282;1115.352859
666;-795;318;1084.760342
643;-786;322;1065.330465
638;-793;293;1059.123222
645;-793;285;1061.178119
637;-783;303;1053.881872
638;-772;274;1038.31787
644;-768;219;1025.924461
643;-777;201;1028.3866
652;-748;215;1015.299463
695;-705;216;1013.26502
750;-688;195;1036.276508
778;-685;176;1051.420468
804;-661;173;1055.114212
822;-700;179;1094.406232
857;-721;199;1137.493297
815;-770;171;1134.180762
710;-961;39;1195.467273
794;-1040;138;1315.705134
887;-1061;182;1394.85268
840;-1034;212;1348.962564
645;-1003;247;1217.802529
213;-1114;499;1239.098866
-255;-1302;869;1585.998108
-403;-1311;1020;1709.248373
-556;-1283;955;1693.295603
-588;-1141;810;1517.802688
-555;-962;642;1282.822279
-477;-748;499;1017.857554
-348;-533;352;727.3905416
-211;-306;219;431.4139543
-42;-91;126;161
132;48;51;149.4289129
389;75;-55;399.9637484
594;-77;11;599.0709474
837;-748;322;1167.800069
1332;-1044;76;1694.088546
1555;-1184;306;1978.261105
1242;-1189;225;1734.044405
914;-1130;104;1457.090251
916;-1200;136;1515.767792
972;-1259;-35;1590.939974
767;-1119;6;1356.645127
687;-883;174;1132.225243
670;-745;304;1047.063035
732;-631;264;1001.838809
754;-670;200;1028.307347
690;-742;209;1034.574792
649;-773;229;1034.973913
656;-743;223;1015.930116
654;-732;224;1006.834644
659;-779;247;1049.824271
653;-802;275;1070.157932
658;-832;267;1093.835911
692;-960;215;1202.783854
781;-1052;251;1334.041229
952;-1225;242;1570.188842
952;-1225;242;1570.188842
1223;-1321;261;1819.035734
1315;-1374;178;1910.179311
1364;-1170;137;1802.266628
963;-1034;305;1445.527585
487;-838;377;1039.972115
552;-392;139;691.1504901
574;-41;138;591.7778299
541;182;104;580.190486
405;227;88;472.5441778
239;37;46;246.1828589
105;-256;110;297.7599704
-24;-559;306;637.7248623
-159;-988;581;1157.145626
-320;-1432;740;1643.357539
-396;-1683;858;1930.147404
-564;-1853;1024;2190.954358
-462;-1702;1036;2045.37136
182;-1157;429;1247.322733
882;-920;121;1280.220684
928;-1120;-75;1456.437091
727;-1013;45;1247.68706
579;-864;170;1053.867639
544;-777;241;978.6449816
560;-765;259;982.8051689
528;-777;273;978.2852345
556;-749;298;979.2553293
611;-814;235;1044.577427
629;-890;181;1104.763323
664;-822;228;1081.001388
680;-757;285;1056.727969
677;-759;322;1066.814886
695;-762;316;1078.66816
671;-764;344;1073.439798
630;-785;338;1061.776342
606;-805;311;1054.505571
606;-806;291;1049.548951
572;-787;287;1014.357925
614;-769;271;1020.685064
656;-766;257;1040.740602
692;-764;239;1058.1498
733;-768;221;1084.414128
767;-842;210;1158.16795
928;-1271;121;1578.37448
1095;-1252;253;1682.42028
1153;-1324;244;1772.546473
1153;-1242;176;1703.804273
946;-1079;149;1442.691235
508;-1049;267;1195.723212
186;-794;282;862.8765845
-85;-626;325;710.4407083
-328;-428;414;679.8264484
-588;-242;518;820.1414512
-808;-145;553;989.7969489
-942;-90;557;1098.049635
-915;-112;514;1055.445404
-852;-170;498;1001.403016
-681;-304;467;879.9238603
-279;-551;417;745.2053408
618;-767;230;1011.490484
982;-1156;202;1530.184303
1158;-1292;294;1759.734071
1068;-1340;231;1729.041642
1068;-1340;231;1729.041642
1541;-1182;52;1942.809563
902;-1121;117;1443.583735
722;-819;259;1122.107838
742;-802;218;1114.132847
716;-785;258;1093.364075
691;-756;296;1066.129917
680;-752;287;1053.694927
676;-755;286;1052.994302
680;-756;249;1046.870097
694;-744;191;1035.206743
655;-748;222;1018.731073
693;-704;222;1012.49642
696;-713;227;1021.916826
710;-689;264;1023.971191
739;-624;240;996.5425229
758;-638;198;1010.352414
756;-700;198;1049.16157
774;-699;220;1065.869129
766;-688;233;1055.646248
815;-702;238;1101.66828
796;-690;255;1083.854695
747;-694;195;1038.108857
717;-781;152;1071.052753
783;-861;115;1169.459277
943;-1051;60;1413.311714
1223;-1164;168;1696.717124
1271;-1223;239;1779.969382
1013;-1002;260;1448.369083
349;-1044;562;1235.953478
-228;-1253;799;1503.460675
-487;-1250;1037;1695.593701
-732;-1222;1027;1756.085704
-821;-1029;882;1584.552303
-794;-798;651;1300.400323
-713;-576;441;1017.16567
-567;-367;279;730.7660364
-398;-186;178;474.0084387
-248;-67;166;305.8578101
-21;9;162;163.6031785
237;-11;98;256.6982665
418;-168;-17;450.8181452
977;-300;71;1024.485237
1509;-1170;252;1926.002336
1556;-1251;-26;1996.700528
1328;-1391;50;1923.78923
1103;-1163;180;1612.940792
1205;-1104;461;1698.046525
1369;-1225;233;1851.776174
927;-1202;94;1520.844831
788;-886;241;1209.967355
737;-739;369;1107.000903
772;-611;320;1035.231858
787;-656;250;1054.611303
730;-711;231;1044.883726
677;-755;219;1037.456023
660;-766;217;1034.139739
655;-793;194;1046.666136
657;-795;228;1056.24713
663;-816;280;1088.037224
696;-879;277;1154.896532
757;-932;250;1226.447308
757;-1092;208;1344.907804
762;-1094;208;1349.349473
990;-1245;198;1602.912661
1149;-1333;144;1765.736673
1247;-1297;135;1804.284623
1168;-1125;186;1632.312776
842;-978;289;1322.485917
668;-720;254;1014.465376
782;-98;-10;788.1801824
792;267;-108;842.7437333
634;350;-79;728.4895332
487;149;-26;509.9470561
319;-201;92;388.1056557
166;-626;317;721.0554764
-55;-1012;709;1236.871052
-210;-1322;946;1639.115615
-300;-1529;945;1822.32434
-590;-1784;1160;2208.247269
-442;-1769;1282;2228.956931
586;-1301;108;1430.965059
612;-1362;192;1505.474012
559;-1088;166;1234.415246
441;-955;211;1072.859264
498;-783;325;983.2181853
565;-754;364;1010.06782
689;-760;336;1079.452176
649;-778;272;1049.032411
648;-799;197;1047.432098
634;-819;188;1052.644764
668;-796;242;1066.960168
662;-773;286;1057.151361
683;-753;301;1060.235351
676;-760;338;1071.83021
646;-763;357;1061.571477
643;-771;328;1056.160026
634;-786;313;1057.22325
623;-793;304;1053.277741
613;-777;291;1031.59052
635;-762;273;1028.78472
685;-751;233;1042.839873
729;-722;203;1045.912998
757;-723;184;1062.842415
801;-837;190;1173.997445
948;-1043;277;1436.412893
1215;-1165;266;1704.173113
1205;-1294;86;1770.270318
1052;-1326;-45;1693.223258
901;-1144;51;1457.099173
624;-834;215;1063.558649
133;-700;346;792.0890101
-233;-479;451;697.9477058
-499;-364;542;821.7426604
-653;-204;577;894.9603343
-761;-104;628;992.1295278
-835;-146;648;1066.979381
-857;-205;592;1061.573361
-759;-234;392;885.7206106
-395;-551;261;726.4619742
291;-817;-59;869.2818875
775;-1188;187;1430.71241
1048;-1354;347;1747.005724
1076;-1291;273;1702.64089
1115;-1632;13;1976.567226
1115;-1632;13;1976.567226
883;-1286;32;1560.291319
768;-914;228;1215.402814
744;-785;270;1114.747057
706;-806;276;1106.45741
699;-780;273;1082.372394
670;-771;269;1056.267958
686;-767;274;1064.876049
699;-763;256;1065.976548
706;-710;278;1039.143878
677;-731;209;1018.023084
683;-759;153;1032.46259
737;-711;151;1035.128494
768;-630;190;1011.347616
796;-625;166;1025.571548
793;-655;157;1040.443655
810;-654;136;1049.910472
802;-691;174;1072.828504
818;-701;210;1097.554099
815;-706;185;1094.022852
772;-732;128;1071.537214
713;-813;110;1086.939741
718;-988;91;1224.724051
793;-1002;172;1289.355265
833;-1000;181;1314.020548
810;-979;186;1284.187292
672;-986;208;1211.215918
236;-1204;523;1333.731982
-192;-1464;890;1724.024362
-333;-1547;997;1870.322699
-502;-1499;1013;1877.544673
-535;-1339;887;1692.901356
-507;-1117;723;1423.891499
-432;-853;546;1101.06721
-311;-524;327;691.5388637
-195;-199;189;336.670462
-95;32;125;160.2310831
59;141;112;189.4887859
256;115;109;301.0680986
553;-34;41;555.5591778
489;-429;70;654.2644725
1021;-753;507;1366.198741
1516;-1061;402;1893.563044
1519;-1196;283;1953.936028
1120;-1355;-21;1758.085891
957;-1342;-220;1662.892961
1499;-1127;294;1898.306087
1042;-1130;261;1559.097495
805;-808;240;1165.542363
739;-733;309;1085.767471
768;-693;313;1080.759918
750;-704;274;1064.514913
720;-752;254;1071.643597
695;-753;239;1052.214332
679;-739;222;1027.83559
637;-750;230;1010.529069
631;-764;259;1024.176743
642;-767;291;1041.697653
625;-768;256;1022.734081
627;-788;235;1034.068663
665;-788;238;1058.212172
680;-866;227;1124.226401
680;-866;227;1124.226401
687;-1052;120;1262.169957
1001;-1228;293;1611.15921
1049;-1260;279;1663.082079
1223;-1318;216;1810.941468
1373;-1367;111;1940.654271
1344;-1163;142;1782.994391
947;-951;271;1369.178951
660;-709;196;988.2798187
825;-64;-83;831.6309278
873;271;-121;922.0688694
762;292;-104;822.6323602
591;131;-17;605.58319
423;-195;50;468.4591764
274;-574;210;669.8148998
14;-920;630;1115.121518
-251;-1228;1005;1606.552209
-446;-1550;1114;1960.207132
-576;-1670;1413;2262.132843
-642;-1791;1512;2430.224064
-121;-1854;529;1931.78622
740;-1328;-56;1521.288927
553;-1235;181;1365.208775
370;-1055;228;1141.01227
375;-931;233;1030.376145
470;-806;346;995.1140638
593;-783;371;1049.942379
639;-782;306;1055.216092
608;-794;281;1038.77861
619;-804;231;1040.64307
607;-813;223;1038.820004
645;-808;220;1057.018921
678;-767;277;1060.519684
707;-749;286;1068.94621
704;-760;308;1080.777498
671;-730;385;1063.6569
638;-763;355;1056.048294
643;-801;293;1068.128738
627;-801;270;1052.440022
612;-771;281;1023.692337
604;-739;296;999.2762381
667;-714;298;1021.513093
698;-755;279;1065.39664
710;-827;243;1116.726466
814;-931;186;1250.581065
990;-1206;226;1576.58238
1078;-1265;277;1684.944509
1214;-1334;120;1807.692452
1114;-1280;-24;1697.048025
951;-1154;18;1495.473504
583;-918;212;1107.951714
227;-663;425;819.5870912
-144;-375;513;651.5596673
-559;-317;609;885.3536017
-720;-190;649;987.7757843
-900;-140;623;1103.507589
-1066;-172;622;1246.123589
-1142;-143;511;1259.259306
-1011;-153;339;1077.242313
-470;-455;174;676.9054587
294;-820;96;876.3857598
847;-953;295;1308.679869
847;-953;295;1308.679869
1127;-1161;437;1676.012828
1171;-1280;359;1771.587424
932;-1298;158;1605.737214
903;-1026;320;1403.739648
965;-1078;102;1450.418216
761;-963;230;1248.75538
719;-811;291;1122.213438
673;-783;327;1083.026777
671;-774;333;1077.12859
641;-797;312;1069.314734
641;-789;286;1056.029356
653;-762;281;1042.119955
651;-768;257;1039.073626
622;-775;213;1016.306056
631;-769;195;1013.67993
660;-738;189;1007.950892
703;-733;195;1034.177451
773;-684;191;1049.698052
801;-647;157;1041.565648
798;-724;128;1085.064053
882;-756;185;1176.301407
806;-849;161;1181.675929
730;-1008;162;1255.072906
801;-1099;115;1364.780935
874;-1080;157;1398.186325
795;-1028;176;1311.405734
653;-952;272;1186.042579
178;-1146;578;1295.794737
-243;-1311;887;1601.417809
-406;-1322;991;1701.352697
-577;-1278;1023;1735.725209
-617;-1132;917;1582.087861
-606;-895;747;1313.875945
-550;-611;557;993.010574
-420;-333;357;644.0015528
-266;-86;197;341.995614
-133;62;128;194.72288
59;110;93;155.6598856
292;65;73;307.9253156
590;-91;-7;597.0175877
636;-489;105;809.0994994
1161;-1264;242;1733.257338
1509;-1140;28;1891.41878
1298;-1456;2;1950.5753
1068;-1373;-12;1739.510563
886;-1224;87;1513.519409
756;-783;252;1117.196939
885;-985;171;1335.17452
747;-929;104;1196.606034
690;-790;248;1077.823733
703;-733;332;1068.513921
683;-739;308;1052.365906
686;-755;280;1057.837889
625;-789;248;1036.653269
596;-787;270;1023.467147
572;-784;266;1006.278292
585;-791;248;1014.598443
588;-832;244;1047.618251
588;-848;239;1059.230381
604;-854;253;1076.169596
667;-911;241;1154.508987
667;-911;241;1154.508987
773;-1027;256;1310.646405
856;-1149;249;1454.282641
1029;-1302;187;1670.034131
1232;-1440;179;1903.540123
1307;-1340;120;1875.699603
1089;-1115;144;1565.20989
674;-971;255;1209.190638
685;-662;101;957.9509382
655;-195;32;684.1593382
665;101;-41;673.8746174
553;194;-11;586.1450332
417;94;38;429.1491582
268;-164;167;355.8215845
89;-473;337;587.5534018
-111;-823;634;1044.799502
-269;-1179;911;1514.041941
-372;-1474;1025;1833.489842
-391;-1532;1092;1921.553798
-582;-1704;1267;2201.733181
44;-1263;709;1449.063836
528;-901;214;1066.011726
467;-1298;429;1444.622442
728;-1162;-25;1371.441942
619;-1032;162;1214.26068
516;-896;242;1061.902067
519;-884;283;1063.440642
609;-790;344;1055.13838
596;-775;354;1039.786997
587;-814;304;1048.609079
609;-852;266;1080.528112
615;-873;231;1092.572652
670;-823;248;1089.831638
699;-778;274;1081.184998
708;-722;295;1053.362711
764;-688;289;1067.970505
736;-713;259;1056.951276
707;-694;218;1014.400808
724;-662;159;993.8314746
749;-663;171;1014.796039
760;-699;231;1058.093569
758;-760;243;1100.551226
767;-960;172;1240.755012
1138;-1216;239;1682.504383
1497;-1478;253;2118.844496
1437;-1485;74;2067.769329
1253;-1364;-48;1852.784121
974;-1156;110;1515.622644
552;-822;250;1021.21888
67;-499;361;619.5248179
-359;-319;424;640.6387438
-639;-234;536;866.2407287
-819;-240;618;1053.700622
-897;-242;605;1108.692022
-917;-194;592;1108.597763
-987;-289;557;1169.589244
-898;-244;470;1042.516187
-768;-215;416;899.5026404
-636;-162;376;756.3835006
-192;-448;336;592
582;-867;298;1085.917584
1201;-1075;302;1639.887191
1201;-1347;401;1848.678176
1388;-1349;401;1976.650197
1204;-1395;226;1856.533598
793;-1424;3;1629.918403
725;-842;228;1134.272013
926;-928;211;1327.848259
735;-829;201;1125.996004
772;-734;199;1083.670153
739;-744;233;1074.218786
712;-745;278;1067.357953
697;-749;274;1059.191201
719;-722;310;1065.056337
702;-718;311;1051.213109
701;-703;267;1028.055932
677;-739;212;1024.399336
684;-743;168;1023.781715
679;-727;169;1009.024777
698;-726;197;1026.201247
715;-711;195;1027.020448
762;-711;187;1058.836154
767;-702;184;1055.911455
797;-681;175;1062.824068
818;-688;146;1078.788209
816;-743;120;1110.092339
805;-815;119;1151.699179
699;-957;30;1185.474589
824;-1004;76;1301.06418
885;-1037;138;1370.269317
896;-1028;199;1378.115017
772;-1010;262;1297.970724
313;-1032;522;1198.113934
-246;-1305;861;1582.675583
-537;-1416;1024;1828.114056
-738;-1361;1013;1850.171343
-791;-1187;860;1665.607997
-726;-954;607;1343.741419
-602;-718;371;1007.754434
-411;-486;196;665.9827325
-213;-254;87;342.7156256
-35;-59;45;82.04267182
222;20;-29;224.7776679
274;-90;-41;291.3022485
941;-159;-108;960.430112
1230;-1099;356;1687.435036
1469;-1198;139;1900.654098
1382;-1340;313;1950.254599
1153;-1236;286;1714.322315
934;-1186;124;1514.703931
871;-1340;138;1604.14619
843;-1237;82;1499.180443
729;-1063;112;1293.813742
674;-905;217;1149.082242
673;-799;333;1096.457478
667;-707;312;1020.824177
724;-673;222;1013.108583
732;-707;178;1033.129711
693;-739;188;1030.39507
667;-737;230;1020.273493
665;-740;233;1021.818966
659;-761;252;1037.740815
657;-784;246;1052.055607
673;-784;246;1062.120991
699;-862;213;1130.050441
699;-862;213;1130.050441
797;-942;191;1248.620839
878;-1134;227;1452.022383
1077;-1301;214;1702.447062
1407;-1471;153;2041.298361
1514;-1363;31;2037.382144
1293;-1073;93;1682.803316
816;-941;246;1269.587728
872;-495;12;1002.772656
872;47;-6;873.2863219
697;326;45;770.7853138
472;329;106;585.0307684
142;57;182;237.7751038
-86;-348;277;453.0220745
-268;-787;586;1017.147482
-376;-1230;796;1512.577932
-486;-1511;928;1838.61388
-511;-1540;973;1891.943445
-567;-1608;1216;2094.232318
-306;-1523;1054;1877.253579
424;-1042;415;1199.068388
894;-1095;469;1489.369665
939;-1164;87;1498.060746
693;-1015;239;1252.036341
509;-881;313;1064.523837
385;-852;266;972.0519533
351;-911;217;1000.105494
450;-830;339;1003.155521
554;-786;448;1060.856258
616;-830;313;1079.965277
605;-906;177;1103.716449
657;-880;208;1117.726711
682;-794;258;1078.018553
701;-761;266;1068.306136
737;-712;283;1063.10959
760;-613;319;1027.19521
764;-651;261;1037.120051
720;-723;170;1034.422061
717;-687;166;1006.783989
752;-666;194;1023.081619
761;-695;233;1056.614878
800;-797;236;1153.64856
935;-1085;121;1437.390344
1057;-1296;174;1681.41042
1409;-1481;52;2044.833979
1357;-1486;-37;2012.713094
1143;-1209;13;1663.820603
782;-943;250;1250.309162
345;-639;397;827.6200819
-81;-554;487;742.055254
-369;-330;527;723.0421841
-601;-272;605;895.103346
-753;-268;641;1024.555513
-815;-237;577;1026.315254
-855;-262;554;1051.94344
-897;-252;524;1068.966323
-892;-227;467;1032.124992
-775;-182;409;895.0027933
-711;-112;388;817.6851472
-213;-637;375;769.261334
849;-942;282;1299.11085
1347;-1258;487;1906.342572
1347;-1258;487;1906.342572
1410;-1314;440;1976.941071
1022;-1423;172;1760.39683
696;-1281;14;1457.934498
1003;-1271;423;1673.433297
861;-1237;112;1511.302088
780;-987;170;1269.436489
751;-817;171;1122.822782
773;-721;246;1085.304566
759;-668;268;1046.006214
767;-653;288;1047.684113
768;-634;235;1023.232623
799;-644;176;1041.207472
786;-672;156;1045.808778
765;-696;170;1048.113066
764;-676;199;1039.361823
754;-692;200;1042.775144
734;-708;209;1041.009606
732;-689;224;1029.913103
764;-675;221;1043.150037
792;-680;214;1065.579654
797;-682;200;1067.863755
821;-682;167;1080.302735
861;-724;145;1134.249532
866;-796;161;1187.220704
819;-1002;104;1298.299272
984;-1116;134;1493.876836
1099;-1161;71;1600.23842
1032;-1155;70;1550.467349
798;-986;111;1273.311038
96;-1162;591;1307.188204
-545;-1386;954;1768.654008
-817;-1416;1180;2016.170876
-930;-1325;1159;1990.930938
-876;-1087;992;1712.60299
-717;-799;734;1300.479142
-559;-517;481;900.6281142
-365;-244;288;525.0761849
-193;-28;146;243.6165019
-12;94;88;129.3213053
168;103;77;211.5703193
449;36;89;459.1492132
744;-162;51;763.1389126
996;-408;257;1106.584384
1254;-1224;429;1804.087858
1647;-1053;149;1960.514983
1159;-1546;-67;1933.361322
1008;-1417;-150;1745.409121
859;-1182;89;1463.873628
1091;-1245;184;1665.58158
961;-1273;52;1595.855257
767;-1002;82;1264.52244
773;-777;297;1135.547005
822;-644;343;1099.121922
805;-657;280;1076.138467
748;-722;230;1064.747857
666;-767;217;1038.717478
594;-784;226;1009.241299
575;-777;247;997.678806
599;-782;251;1016.526438
628;-794;242;1040.857339
656;-810;243;1070.27333
656;-810;243;1070.27333
692;-882;238;1146.05061
710;-1064;228;1299.299811
948;-1146;243;1507.006636
1213;-1397;216;1862.695359
1366;-1466;177;2011.576745
1551;-1311;106;2033.60714
1326;-1178;207;1785.723663
851;-891;275;1262.421087
547;-636;142;850.804913
735;60;-66;740.3924635
759;423;-157;882.9830123
655;438;-179;808.0284648
469;219;-83;524.2241887
263;-162;106;326.5715848
16;-568;404;697.205852
-146;-1018;790;1296.819186
-330;-1437;1068;1820.574909
-536;-1573;1554;2275.20131
-791;-1806;1665;2580.608843
108;-1193;875;1483.421046
942;-1316;-146;1624.972615
822;-1158;-63;1421.484084
568;-1052;206;1213.162809
450;-892;171;1013.609886
412;-847;286;984.3520712
505;-790;386;1013.963017
596;-786;377;1056.002367
607;-791;371;1063.847263
573;-829;298;1050.892002
577;-872;185;1061.855922
635;-846;189;1074.552
666;-804;234;1069.919623
694;-756;289;1066.158056
716;-731;260;1055.754233
759;-652;309;1047.21822
750;-645;298;1033.11616
744;-679;190;1025.025366
769;-676;111;1029.882518
781;-628;154;1013.93343
772;-663;246;1046.93314
767;-678;284;1062.369521
758;-697;262;1062.552116
794;-720;217;1093.583559
918;-1015;183;1380.738208
1286;-1346;280;1882.528087
1464;-1535;102;2123.6584
1360;-1470;-103;2005.270306
1178;-1131;-57;1634.042227
665;-968;184;1188.740931
207;-701;344;807.827952
-120;-449;376;597.8101705
-499;-211;505;740.6395885
-809;-222;624;1045.533835
-963;-197;667;1187.883412
-958;-123;652;1165.331283
-969;-130;641;1169.077414
-899;-122;577;1075.180915
-873;-105;472;997.9669333
-821;-290;316;926.2812748
-164;-786;217;831.7337314
926;-950;89;1329.622879
1349;-1372;351;1955.859402
1349;-1372;351;1955.859402
1415;-1453;314;2052.323074
1142;-1418;135;1825.681517
1010;-1395;96;1724.917679
803;-1173;104;1425.325928
752;-916;154;1195.105016
785;-828;199;1158.192557
763;-752;224;1094.462882
756;-712;212;1059.916978
758;-676;259;1048.15123
762;-666;233;1038.50325
760;-701;184;1050.169986
738;-726;176;1050.093329
713;-720;198;1032.459684
711;-709;200;1023.817367
706;-726;191;1030.530446
706;-730;198;1034.669029
722;-723;195;1040.210556
741;-710;184;1042.610666
766;-741;176;1080.191187
778;-751;197;1099.133295
813;-755;226;1132.2853
765;-765;187;1097.915753
745;-832;68;1118.871306
806;-952;143;1255.543309
860;-1055;125;1366.83942
966;-1074;194;1457.486878
968;-1079;184;1461.205324
829;-966;181;1285.75192
243;-1183;542;1323.745444
-324;-1400;873;1681.399715
-591;-1436;1101;1903.569804
-792;-1336;1123;1916.582636
-790;-1119;957;1670.960801
-707;-851;694;1306.019142
-567;-558;460;918.9412386
-372;-258;260;522.0612991
-211;-12;130;248.1229534
-74;134;79;172.2585266
69;134;80;170.6370417
309;55;69;321.3518321
414;-186;74;459.8564994
741;-457;202;893.7191953
1236;-1248;459;1815.456141
1486;-1184;97;1902.488108
1254;-1518;9;1968.989843
1089;-1231;126;1648.380417
830;-1122;212;1411.640181
942;-1542;375;1845.468233
935;-1459;78;1734.644056
796;-1102;109;1363.781874
771;-819;337;1174.210799
769;-694;379;1103.013146
765;-670;298;1059.683443
714;-715;241;1038.798344
675;-747;230;1032.73133
625;-790;238;1035.069563
577;-800;244;1016.102849
601;-793;265;1029.696557
644;-787;292;1058.002363
683;-849;295;1128.855615
703;-984;285;1242.453218
703;-984;365;1263.206238
902;-1031;364;1417.413489
998;-1219;290;1601.894191
1255;-1406;247;1900.755113
1345;-1372;185;1930.190146
1268;-1098;141;1683.243595
869;-919;283;1296.075229
495;-740;295;937.8965828
641;-174;50;666.0758215
709;148;-10;724.351434
603;212;-24;639.6319254
475;150;30;499.0240475
343;-62;88;359.4954798
201;-367;255;490.0153059
43;-691;499;853.4231073
-62;-1026;784;1292.739726
-175;-1333;900;1617.873295
-206;-1472;874;1724.266801
-532;-1529;1282;2065.039709
-271;-1784;1516;2356.76749
885;-1185;199;1492.330727
772;-1066;345;1360.648742
602;-903;241;1111.707695
410;-901;212;1012.346285
457;-835;272;989.9787877
668;-793;380;1104.297514
628;-775;372;1064.609318
555;-827;424;1082.46478
603;-782;188;1005.22485
649;-812;212;1060.890664
640;-795;278;1057.78495
671;-767;291;1059.816494
727;-709;292;1056.633333
744;-651;323;1040.03173
742;-664;276;1033.264729
749;-676;189;1026.49793
790;-656;149;1037.611199
779;-640;168;1022.088548
738;-659;225;1014.667433
723;-685;266;1030.878266
729;-729;271;1065.984521
759;-767;246;1106.74568
891;-972;147;1326.75318
1260;-1344;181;1851.133977
1516;-1564;73;2179.376287
1440;-1548;-79;2115.690195
1151;-1312;-32;1745.614219
789;-1002;179;1287.853253
349;-720;315;859.8988313
-42;-516;430;672.9933135
-387;-248;577;737.7004812
-615;-178;718;961.9942827
-746;-165;715;1046.406231
-842;-172;698;1107.136848
-920;-220;649;1147.170868
-998;-264;596;1192.021812
-1001;-229;516;1149.216255
-905;-117;377;987.3413797
-972;19;309;1020.110778
-373;-374;170;554.8918814
745;-949;225;1227.294178
1393;-1241;461;1921.731251
1393;-1241;461;1921.731251
1615;-1394;479;2186.527384
1271;-1442;249;1938.248178
831;-1265;107;1517.311768
988;-1276;125;1618.624416
857;-1156;109;1443.144483
768;-946;249;1243.680425
700;-806;242;1094.623223
685;-772;249;1061.701465
716;-749;225;1060.321649
734;-703;285;1055.551988
712;-696;275;1032.94966
722;-717;209;1038.77524
710;-736;136;1031.645288
735;-693;132;1018.772791
766;-642;171;1013.982741
755;-653;195;1017.083576
774;-675;181;1042.814461
783;-709;184;1072.206137
773;-725;196;1077.761569
765;-728;204;1075.557995
760;-748;203;1085.501267
798;-745;201;1110.058557
777;-809;149;1131.552473
725;-997;51;1233.78888
807;-1008;51;1292.251524
933;-1021;120;1388.283112
1001;-1072;155;1474.859315
1024;-1101;146;1510.65979
947;-964;183;1363.669315
395;-1111;543;1298.150608
-227;-1324;882;1606.993777
-652;-1359;1188;1919.200094
-724;-1240;1164;1848.424194
-753;-1073;1000;1648.738305
-692;-804;722;1283.1851
-616;-536;428;921.9197362
-523;-277;189;621.2720821
-375;-49;50;381.4787019
-256;104;-33;278.2822308
-97;188;-36;214.5903073
39;148;-8;153.2612149
321;27;20;322.7537761
610;-198;73;645.4711458
481;-820;634;1142.679745
1261;-1423;519;1970.890915
1621;-1222;548;2102.671872
1206;-1613;249;2029.336345
962;-1538;-135;1819.096754
982;-1530;-101;1820.830854
1180;-1378;-37;1814.56689
902;-1192;56;1495.862293
758;-894;192;1187.71377
733;-775;307;1110.028378
735;-704;334;1071.166187
709;-703;256;1030.740511
726;-721;206;1043.720748
674;-734;197;1015.795747
657;-748;202;1015.852844
615;-777;209;1012.736392
628;-773;228;1021.712778
647;-743;228;1011.257633
647;-743;215;1008.406168
688;-768;215;1053.277266
746;-831;231;1140.367485
761;-1048;192;1309.308596
1041;-1212;244;1616.218116
1297;-1489;157;1980.903582
1639;-1631;159;2317.706409
1748;-1262;64;2156.906118
1081;-1116;254;1574.335733
621;-834;302;1082.774676
657;-197;20;686.1909355
620;252;54;671.431307
558;432;3;705.689025
357;340;7;493.0496932
140;74;70;173.1357849
-59;-330;151;367.6710486
-194;-716;454;869.7171954
-335;-1059;829;1385.982323
-438;-1394;1027;1786.003639
-587;-1499;1487;2191.515229
-663;-1769;1605;2478.901975
431;-1111;752;1409.108229
743;-1571;-131;1742.771069
836;-1243;-177;1508.40114
628;-1067;119;1243.798215
517;-879;190;1037.318659
366;-840;237;946.4274933
327;-747;273;859.9226709
549;-703;482;1013.8708
696;-788;454;1145.196926
618;-894;274;1120.819343
589;-923;111;1100.532144
617;-864;130;1069.619091
682;-816;237;1089.563674
687;-848;188;1107.437131
755;-562;393;1019.959803
886;-470;252;1034.117982
894;-535;175;1056.449715
798;-655;112;1038.447399
746;-712;176;1046.152952
728;-689;232;1028.848385
772;-638;257;1033.961798
774;-659;243;1045.182281
755;-716;207;1060.909987
785;-827;176;1153.746073
913;-1112;125;1444.208434
1363;-1439;174;1989.664796
1651;-1503;27;2232.832058
1571;-1464;-165;2153.73211
1268;-1213;4;1754.767506
786;-814;187;1146.891887
271;-544;337;694.9431631
-212;-294;423;557.0538574
-564;-149;552;803.1195428
-878;-174;575;1063.853843
-1054;-185;534;1195.95025
-1125;-184;481;1237.271999
-1201;-204;504;1318.344796
-1184;-190;560;1323.463638
-1053;-81;471;1156.378398
-935;-77;455;1042.678762
-193;-85;353;411.1970331
927;-668;167;1154.747591
924;-668;167;1152.340661
1482;-1233;258;1945.039074
1708;-1480;345;2286.195311
1304;-1541;154;2024.552543
818;-1335;-91;1568.320758
1000;-1093;193;1493.953815
880;-1029;162;1363.629348
772;-902;194;1203.006234
743;-818;176;1118.994638
754;-735;230;1077.794507
741;-708;238;1052.135448
742;-699;243;1047.95706
753;-672;162;1022.172686
783;-661;126;1032.417551
773;-670;150;1033.890226
756;-674;190;1030.491145
747;-674;196;1025.037073
753;-691;188;1039.150615
757;-702;175;1047.128454
786;-702;187;1070.312571
789;-700;201;1073.742055
792;-698;193;1073.180786
816;-706;198;1097.039653
858;-727;168;1137.065082
781;-849;94;1157.41004
742;-995;55;1242.422633
824;-1016;76;1310.346519
959;-1035;130;1416.970712
1015;-1088;173;1497.964619
983;-1049;225;1455.099653
404;-1092;574;1298.135586
-254;-1327;951;1652.224561
-693;-1477;1159;2001.26435
-829;-1384;1137;1973.693492
-857;-1200;972;1766.135046
-736;-923;720;1382.759921
-588;-655;468;996.8916691
-375;-349;244;567.4169543
-183;-75;73;210.8150848
-32;116;-18;121.6716894
113;203;-59;239.70607
303;167;-74;353.7993782
588;-6;-124;600.9625612
629;-406;53;750.5238171
1113;-1223;442;1711.683966
1577;-1090;136;1921.854573
1699;-1356;283;2192.12819
1285;-1227;156;1783.561045
901;-1195;74;1498.433182
1089;-1128;207;1581.503715
1171;-1140;214;1648.222376
972;-1136;136;1501.258139
810;-890;239;1226.915237
772;-715;355;1110.510693
791;-622;306;1051.760904
784;-664;238;1054.607036
706;-733;213;1039.756702
655;-758;212;1023.979004
624;-785;213;1025.168279
616;-779;223;1017.853624
656;-784;236;1049.136788
691;-845;258;1121.637196
691;-845;194;1108.666767
714;-1027;196;1266.073063
843;-1127;257;1430.673618
1054;-1297;198;1682.952465
1374;-1492;197;2037.829483
1606;-1500;126;2201.161512
1295;-1107;134;1708.926564
761;-881;251;1190.916874
443;-704;181;851.2496696
623;-91;-54;631.9224636
646;252;-88;698.9735331
546;309;-92;634.0828022
360;187;-25;406.4406476
219;-56;71;236.9345901
20;-408;257;482.6106091
-114;-786;550;966.0703908
-236;-1145;882;1464.460652
-407;-1507;1049;1880.717682
-657;-1773;1414;2361.053578
-608;-1833;1331;2345.445373
679;-1075;292;1304.580392
953;-1549;36;1819.039857
721;-1181;107;1387.822395
507;-984;224;1129.371949
473;-903;225;1043.917142
530;-798;336;1015.184712
581;-754;350;1014.187852
647;-827;314;1095.962591
643;-836;300;1096.514934
597;-837;217;1050.745926
633;-796;158;1029.207948
707;-763;175;1054.818942
730;-707;243;1044.891382
675;-846;191;1099.009554
732;-629;361;1030.430007
826;-528;343;1038.609166
895;-535;221;1065.875696
854;-571;141;1036.936835
814;-621;166;1037.204416
765;-639;229;1022.735059
755;-662;256;1036.245627
744;-642;282;1022.361971
750;-646;261;1023.687941
782;-658;231;1047.782897
801;-666;170;1055.488986
796;-741;148;1097.543165
852;-954;162;1289.288176
1015;-1493;167;1813.053502
1389;-1535;188;2078.675059
1557;-1530;9;2182.940677
1460;-1288;-47;1947.499166
937;-1154;145;1493.556159
449;-641;296;836.7185907
-137;-329;420;550.8266515
-547;-278;601;858.8911456
-717;-195;632;975.4680928
-862;-136;573;1043.967911
-989;-148;549;1140.800596
-1048;-210;527;1191.693333
-1020;-170;440;1123.788236
-1084;-86;348;1141.733769
-1109;-13;235;1133.699696
-1109;-557;123;1247.100237
-518;-549;121;764.4383559
759;-1156;-35;1383.344498
1400;-1498;389;2086.941542
1619;-1419;543;2220.263723
1314;-1417;335;1961.303138
1064;-1492;182;1841.543917
1117;-1105;305;1600.543345
871;-1019;215;1357.654964
776;-889;252;1206.648665
729;-811;228;1114.067323
742;-750;226;1078.953196
741;-709;213;1047.440213
757;-672;246;1041.704853
767;-654;209;1029.410511
779;-664;180;1039.296397
758;-675;183;1031.347662
746;-690;166;1029.646541
753;-700;182;1044.094344
753;-689;206;1041.232923
760;-695;225;1054.158432
769;-683;218;1051.367681
770;-704;199;1062.128523
796;-732;203;1100.29496
796;-693;226;1079.324326
710;-672;180;994.0241446
697;-683;169;990.3832591
784;-687;157;1054.169816
793;-823;130;1150.251277
846;-1000;71;1311.776277
1048;-1059;172;1499.789652
1180;-1200;173;1691.841896
1153;-1206;90;1670.911428
912;-996;139;1357.601193
161;-1152;598;1307.910165
-522;-1369;925;1732.705976
-859;-1398;1176;2018.72757
-971;-1323;1056;1951.48815
-974;-1123;809;1692.420161
-872;-827;506;1303.97431
-700;-503;249;897.223495
-527;-181;68;561.3501581
-320;71;-17;328.2224855
-131;186;-31;229.6040069
61;185;-5;194.8614893
328;129;6;352.5067375
384;-187;30;428.1646879
504;-647;685;1068.573816
1272;-1327;635;1944.771966
1387;-1572;351;2125.594976
1356;-1573;276;2095.051551
1096;-1324;116;1722.686274
869;-1128;72;1425.738054
952;-1411;765;1866.132364
993;-1361;528;1765.546374
895;-1297;225;1591.809976
709;-1063;186;1291.218804
689;-834;321;1128.413931
799;-623;294;1054.972038
805;-669;204;1066.396737
768;-720;204;1072.305926
680;-777;214;1054.478544
680;-777;214;1054.478544
626;-765;242;1017.676275
646;-707;247;989.0267944
672;-745;269;1038.734807
669;-794;290;1078.00603
646;-926;230;1152.25518
710;-1072;142;1293.618182
838;-1216;197;1489.868786
1127;-1342;232;1767.743477
1484;-1504;248;2127.38713
1706;-1340;88;2171.124133
1322;-1201;204;1797.693244
818;-901;262;1244.816854
494;-684;165;859.7191402
658;-80;-21;663.177955
682;339;-35;762.4106505
474;420;-51;635.3558058
225;293;-19;369.9121517
-55;-78;26;98.91915891
-237;-556;294;672.1168053
-366;-966;796;1304.119626
-491;-1437;995;1815.50957
-577;-1560;1134;2013.078488
-733;-1800;1334;2357.296121
-60;-1317;931;1613.95477
650;-869;154;1096.073446
701;-1454;162;1622.270323
776;-1235;-36;1459.005483
663;-1004;143;1211.624529
505;-887;240;1048.519909
457;-831;266;984.9700503
519;-801;298;999.8829932
519;-786;395;1021.362815
518;-780;409;1021.765629
533;-887;237;1061.615279
617;-909;162;1110.501688
662;-853;219;1101.732272
656;-803;260;1068.992516
691;-758;272;1061.145136
729;-658;305;1028.314154
735;-665;324;1042.7972
723;-687;258;1030.175713
693;-712;175;1008.869665
708;-686;185;1003.037886
808;-619;210;1039.290623
832;-685;216;1099.138299
836;-829;167;1189.128252
852;-1149;18;1430.534515
1125;-1334;110;1748.508221
1417;-1561;129;2112.16737
1482;-1550;25;2144.632603
1282;-1198;39;1755.063817
780;-956;234;1255.823236
267;-615;295;732.4882252
-275;-430;405;651.5750149
-607;-322;513;857.4975219
-698;-192;581;928.239732
-854;-252;613;1081.012951
-916;-212;581;1105.242507
-1035;-211;600;1214.802865
-1037;-135;618;1214.709019
-932;-96;558;1090.506304
-932;-96;558;1090.506304
-931;25;455;1036.537988
-690;-385;316;850.988249
241;-882;188;933.4607651
1026;-1157;208;1560.316955
1313;-1428;388;1978.306599
1308;-1417;312;1953.483299
1021;-1278;173;1644.88723
1051;-1020;481;1541.545329
1112;-1187;253;1646.062575
895;-1079;150;1409.881555
793;-911;158;1218.086204
756;-736;227;1079.240937
762;-681;261;1054.763481
765;-666;240;1042.296023
766;-661;217;1034.778237
748;-683;190;1030.578963
741;-693;186;1031.467886
729;-695;188;1024.602362
743;-695;205;1037.833802
725;-717;212;1041.469155
715;-716;210;1033.431662
735;-700;195;1033.561803
756;-729;178;1065.204675
767;-725;190;1072.387057
770;-719;185;1069.619559
769;-738;170;1079.307648
813;-763;179;1129.238239
792;-878;148;1191.659347
829;-996;166;1306.450535
911;-1052;123;1397.051896
1029;-1107;109;1515.312179
1017;-1176;57;1555.800116
969;-1006;118;1401.756398
421;-939;411;1108.098822
-282;-1149;773;1413.242371
-725;-1265;1155;1860.073923
-923;-1281;1225;1998.378092
-1014;-1182;1172;1949.077731
-938;-976;946;1651.464804
-779;-731;649;1249.961199
-574;-445;367;813.750576
-353;-178;140;419.3959943
-187;35;5;190.3129002
-2;169;-39;173.4531637
215;188;-48;289.6083562
508;42;-66;513.9883267
855;-218;-57;884.1934178
895;-681;317;1168.449828
1374;-1360;344;1963.622163
1707;-1058;260;2025.046419
1319;-1426;101;1945.106167
994;-1407;-213;1735.815082
819;-1245;-167;1499.558268
1146;-652;162;1328.406564
1134;-931;216;1483.028321
931;-983;131;1360.224614
726;-824;222;1120.417779
688;-773;356;1094.353234
654;-795;318;1077.434453
640;-820;248;1069.347465
607;-843;238;1065.711969
607;-843;238;1065.711969
582;-802;258;1023.958984
572;-782;265;1004.456569
586;-746;271;986.5865395
615;-815;255;1052.366381
656;-890;253;1134.215588
715;-1013;198;1255.626537
774;-1168;181;1412.820229
933;-1263;177;1580.185749
1236;-1438;189;1905.586786
1415;-1408;180;2004.267697
1362;-1123;226;1779.676656
849;-997;296;1342.544599
580;-752;320;1002.149689
709;-218;60;744.1807576
705;223;-19;739.6722247
595;387;-57;712.0695191
463;306;-2;554.9855854
349;-22;68;356.2428947
167;-467;231;547.1188171
-50;-928;535;1072.3381
-189;-1260;878;1547.32188
-304;-1558;995;1873.447357
-285;-1608;996;1912.826443
-365;-1665;1190;2078.833808
-151;-1852;517;1928.728597
624;-1229;-65;1379.870284
686;-1086;65;1286.163675
462;-1098;178;1204.463366
377;-943;224;1039.977884
368;-808;358;957.3149952
571;-733;426;1022.157522
617;-801;392;1084.414128
567;-848;270;1055.221778
576;-887;115;1063.846793
647;-862;120;1084.459773
680;-814;215;1082.229643
711;-748;303;1075.562179
723;-738;278;1069.886443
757;-673;296;1055.269634
760;-651;322;1051.230232
742;-693;231;1041.236765
739;-687;120;1016.115151
735;-675;132;1006.61512
761;-654;206;1024.340275
791;-659;253;1060.174986
826;-682;244;1098.60639
850;-843;175;1209.865282
1047;-1321;144;1691.740524
1428;-1461;159;2049.142748
1602;-1524;-64;2212.029837
1371;-1309;-104;1898.404067
888;-1134;96;1443.508227
426;-803;285;952.6331928
21;-579;334;668.7585513
-330;-294;351;564.390822
-676;-216;448;839.2472818
-936;-211;552;1106.942185
-1064;-165;586;1225.85358
-1072;-86;639;1250.960031
-1049;-95;663;1244.586277
-920;-104;558;1081.008788
-736;-123;446;869.3336529
-736;-123;446;869.3336529
-488;-39;362;608.8587685
-373;-679;377;861.5677571
561;-1096;171;1243.05189
1212;-1337;284;1826.791997
1430;-1395;361;2030.08522
1156;-1456;180;1867.798704
817;-1285;26;1522.954366
930;-629;415;1196.982038
1088;-932;169;1442.542547
817;-957;113;1263.371284
760;-810;155;1121.483393
740;-730;245;1067.953651
736;-724;248;1061.779638
740;-705;257;1053.885193
745;-681;241;1037.722024
732;-690;197;1025.052682
716;-726;171;1033.911505
710;-728;155;1028.644253
723;-690;156;1011.516189
756;-670;197;1029.196288
739;-682;210;1027.299859
723;-720;198;1039.390687
753;-711;191;1053.095912
780;-711;201;1074.393783
762;-737;211;1080.895
783;-783;223;1129.560534
741;-805;210;1114.094251
718;-871;130;1136.250413
750;-980;106;1238.602438
946;-1012;196;1399.098281
1026;-1069;233;1499.908664
1021;-1097;201;1512.035383
847;-958;180;1291.345422
298;-968;468;1115.729358
-250;-1272;770;1507.774519
-586;-1477;1030;1893.627471
-820;-1444;1169;2030.787286
-850;-1275;1061;1863.825636
-775;-1030;799;1516.550692
-612;-745;510;1090.719487
-451;-445;261;685.2349962
-278;-168;94;338.1478966
-140;6;29;143.0978686
7;102;38;109.0733698
198;61;33;209.7951382
450;-44;-5;452.1736392
545;-328;-8;636.1391357
992;-761;484;1340.686764
1516;-1303;431;2044.951344
1609;-1286;392;2096.745335
1308;-1377;143;1904.584469
957;-1301;-33;1615.40676
909;-1180;481;1565.261001
1035;-1241;169;1624.766752
862;-1043;164;1363.007337
725;-848;281;1150.517275
710;-803;347;1126.640138
695;-719;359;1062.481529
688;-714;299;1035.635554
656;-747;235;1021.55274
624;-770;209;1012.895355
624;-770;209;1012.895355
613;-770;198;1003.928782
634;-753;187;1001.965069
665;-792;208;1054.871082
698;-838;271;1123.783342
724;-937;269;1214.292387
816;-1118;251;1406.691508
938;-1330;177;1637.09285
1158;-1478;130;1882.112643
1350;-1453;95;1985.631889
1417;-1237;58;1881.866627
1069;-1044;245;1514.173702
760;-816;339;1165.494316
816;-267;-22;858.8533053
773;191;-24;796.6090635
651;371;-90;754.6800647
464;301;-82;559.1252096
285;36;-17;287.7672671
134;-349;117;391.7218401
-104;-822;436;936.2670559
-243;-1236;847;1517.944004
-413;-1638;1017;1971.776356
-614;-1799;1515;2430.765723
-749;-1919;1651;2639.955113
123;-1271;734;1472.863198
882;-935;213;1302.88833
864;-1332;-68;1589.133097
696;-1153;98;1350.34403
571;-908;193;1089.841273
417;-875;282;1009.474121
427;-862;268;998.5975165
539;-823;321;1034.838635
568;-788;419;1057.888936
536;-795;374;1029.172969
549;-868;208;1047.897419
631;-885;204;1105.894208
640;-831;292;1088.772244
637;-806;291;1067.748098
670;-788;282;1072.085817
691;-776;263;1071.833009
704;-709;304;1044.37206
733;-647;363;1042.912748
692;-714;226;1019.674458
697;-689;104;985.5688713
752;-658;153;1010.87932
769;-700;236;1066.328749
791;-703;273;1092.89478
793;-759;273;1131.131734
818;-963;220;1282.53382
1230;-1213;311;1755.274907
1509;-1521;198;2151.679809
1595;-1556;-135;2232.349883
1381;-1350;-209;1942.509202
913;-1131;46;1454.25101
416;-675;252;831.9765622
-116;-470;365;606.2845866
-417;-229;545;723.4327889
-685;-131;720;1002.390144
-900;-140;740;1173.541648
-977;-143;664;1189.905038
-977;-215;561;1146.941585
-1052;-215;561;1211.466054
-1154;-288;503;1291.382592
-1142;-109;468;1238.979015
-1187;-47;381;1247.533166
-900;-84;284;947.4766488
62;-680;168;703.1841864
1051;-1005;134;1460.336263
1522;-1416;453;2127.615802
1466;-1476;342;2108.244768
1083;-1367;69;1745.376464
1012;-831;173;1320.845941
1180;-961;122;1526.697416
914;-914;162;1302.703343
768;-805;238;1137.757883
704;-744;292;1065.089668
675;-732;290;1037.086785
675;-776;260;1060.849188
666;-788;273;1067.253016
674;-758;280;1052.254722
663;-758;249;1037.368787
648;-773;220;1032.391883
655;-756;212;1022.499389
696;-733;218;1034.035299
747;-664;211;1021.482256
803;-641;169;1041.273739
823;-641;157;1054.921324
842;-630;139;1060.747378
868;-646;109;1087.483793
893;-720;151;1157.000432
865;-825;166;1206.816473
868;-1155;78;1446.904627
993;-1201;30;1558.637225
1072;-1204;27;1612.305492
1021;-1139;71;1531.274959
708;-915;208;1175.479902
-2;-1084;730;1306.889437
-628;-1316;1090;1820.532889
-945;-1384;1272;2103.916586
-997;-1295;1145;1995.509709
-917;-1029;933;1664.397489
-760;-694;661;1223.174967
-559;-371;402;782.1291453
-368;-105;210;436.5191863
-186;102;113;240.3518255
8;195;39;199.0226118
239;191;-23;306.8077574
493;100;-11;503.1600143
652;-159;106;679.4269644
637;-1099;618;1412.619552
1339;-1133;275;1775.453463
1526;-1462;213;2124.026601
1311;-1436;118;1948.009497
955;-1277;54;1595.515591
1160;-1608;254;1998.944722
1045;-1437;88;1778.971051
778;-1092;113;1345.554533
719;-849;272;1145.314804
691;-809;331;1114.23651
721;-687;326;1047.895987
739;-647;268;1018.11296
739;-647;220;1006.543591
708;-708;208;1022.639722
675;-737;230;1025.521331
657;-736;249;1017.519533
638;-781;258;1040.946204
626;-790;252;1038.980269
637;-772;235;1028.094354
681;-757;262;1051.405726
707;-807;250;1101.634241
741;-938;217;1214.913166
843;-1182;114;1456.28603
1053;-1411;148;1766.814648
1406;-1496;173;2060.286631
1583;-1454;84;2151.060436
1475;-1214;138;1915.323732
967;-1028;198;1425.158588
687;-715;166;1005.360632
796;-39;-107;804.1057144
784;364;-156;878.3438962
628;438;-184;787.4541256
451;284;-151;553.947651
252;-72;-23;263.0912389
21;-538;228;584.6956473
-165;-982;670;1200.187069
-328;-1415;998;1762.331694
-452;-1672;1154;2081.250586
-644;-1838;1581;2508.493771
-412;-1763;1619;2428.800939
788;-1311;138;1535.808907
714;-1343;216;1536.262022
562;-1090;234;1248.479075
432;-967;210;1079.728207
362;-920;262;1022.784435
451;-862;374;1042.26724
563;-811;418;1072.107271
602;-795;406;1076.691692
567;-814;351;1052.27658
559;-845;256;1045.008134
587;-862;192;1060.413599
631;-836;207;1067.663805
678;-784;268;1070.590491
686;-780;239;1065.887893
780;-570;360;1030.970417
845;-545;259;1038.330872
837;-597;130;1036.28085
818;-659;106;1055.765599
767;-676;151;1033.472786
765;-637;231;1021.936887
743;-661;270;1030.470766
743;-676;277;1041.995202
759;-721;241;1074.245316
767;-846;210;1161.079239
854;-1150;87;1435.055748
1198;-1385;69;1832.536493
1457;-1464;96;2067.69461
1495;-1418;2;2060.522507
1194;-1199;61;1693.209379
744;-947;222;1224.593402
288;-608;400;782.6927878
-101;-505;477;701.9650988
-343;-262;437;614.2165742
-695;-275;518;909.3811082
-702;-275;518;914.7420401
-942;-277;548;1124.45409
-1023;-201;508;1159.738764
-1096;-186;525;1229.405141
-1044;-136;496;1163.807544
-949;-72;427;1043.12703
-978;-23;440;1072.666304
-526;-267;441;736.5093346
520;-698;456;982.6189495
1273;-990;359;1652.122877
1493;-1437;362;2103.583134
1270;-1574;97;2024.792582
846;-1487;-125;1715.374595
1205;-1251;184;1746.677417
899;-1148;160;1466.869115
814;-898;245;1236.537504
783;-812;239;1153.062878
749;-746;272;1091.558977
731;-740;261;1072.418761
741;-715;283;1067.892785
716;-700;241;1029.920871
718;-727;161;1034.395476
708;-736;154;1032.800077
722;-714;177;1030.732264
727;-693;195;1023.133911
732;-683;172;1015.823311
762;-692;162;1041.994242
784;-684;164;1053.284387
807;-667;162;1059.425316
808;-675;134;1061.341133
847;-732;122;1126.107011
809;-864;109;1188.637035
782;-1189;72;1424.931226
847;-1127;17;1409.903188
894;-1102;76;1421.061575
851;-1067;143;1372.275118
613;-980;344;1206.028607
130;-1234;699;1424.16888
-265;-1368;991;1709.891809
-429;-1289;1079;1734.878382
-537;-1151;1047;1646.019137
-528;-943;853;1376.823155
-488;-705;612;1053.429162
-401;-431;397;710.0499982
-303;-185;238;427.4084697
-206;-15;130;244.0512241
-104;84;79;155.2836115
22;98;73;124.1652125
168;34;107;202.0618717
380;-125;130;420.6245357
392;-492;177;653.4959832
423;-1245;636;1460.633424
1232;-1325;398;1852.526113
1514;-1178;327;1945.972508
1297;-1382;-89;1897.380826
967;-1359;-31;1668.211917
840;-1036;255;1357.910527
1119;-1237;144;1674.235945
823;-1224;31;1475.285057
710;-945;103;1186.479667
691;-811;282;1102.146088
691;-699;268;1018.776717
749;-704;268;1062.281036
843;-580;236;1050.11666
807;-625;221;1044.373018
758;-706;235;1062.179363
700;-742;239;1047.704634
665;-752;195;1022.621142
641;-784;191;1030.542576
644;-789;240;1046.354147
639;-828;266;1079.194607
640;-925;210;1144.257401
750;-1025;208;1287.00777
873;-1163;231;1472.433021
1107;-1290;197;1711.244576
1438;-1480;146;2068.709743
1528;-1326;70;2024.341868
1155;-1113;189;1615.089781
748;-850;260;1161.72458
621;-515;70;809.7938009
610;-26;47;612.3601881
602;290;22;668.5716117
418;341;40;540.9297551
255;180;45;315.3569406
53;-242;88;262.9011221
-126;-735;293;801.2178231
-241;-1175;738;1408.314596
-424;-1531;1010;1882.508167
-776;-1589;1525;2335.106422
-700;-1778;1628;2510.312331
428;-931;563;1169.150974
784;-1468;567;1758.172062
1197;-1176;-182;1687.871144
814;-1145;111;1409.234544
659;-933;204;1160.338744
592;-892;296;1110.740294
485;-896;259;1051.24783
386;-799;219;913.979212
385;-728;376;905.3093394
542;-659;632;1061.823432
584;-796;449;1084.561202
601;-893;225;1099.670405
636;-973;65;1164.237948
680;-874;184;1122.556012
674;-800;296;1087.148564
683;-775;291;1073.217126
705;-686;317;1033.494074
768;-590;232;995.8654528
886;-514;160;1036.721756
845;-605;142;1048.910864
790;-674;177;1053.425365
726;-677;196;1011.840402
734;-656;206;1005.747483
755;-643;234;1018.935719
784;-670;236;1057.947069
818;-701;206;1096.795788
845;-899;185;1247.578054
1220;-1469;99;1912.109306
1630;-1754;-31;2394.655925
1582;-1712;-107;2333.477448
1381;-1313;13;1905.596757
900;-867;249;1274.240951
132;-446;396;610.8649605
132;-446;396;610.8649605
-414;-235;528;710.9184201
-752;-119;636;992.0488899
-968;-101;646;1168.135694
-1088;-56;617;1252.025958
-1173;-64;575;1307.918193
-1177;-123;463;1270.758435
-1046;-95;326;1099.734968
-999;-127;206;1027.893963
-655;-421;47;780.0480754
507;-883;19;1018.380577
1274;-1167;337;1760.265321
1604;-1421;529;2207.23764
1413;-1369;318;1992.951078
1117;-977;556;1584.725213
1049;-1143;81;1553.51569
855;-1045;55;1351.323425
779;-815;186;1142.655679
769;-745;190;1087.421721
793;-633;285;1053.927417
809;-525;304;1011.198299
861;-538;168;1029.071912
849;-601;126;1047.796736
805;-649;147;1044.430467
768;-674;211;1043.370021
767;-668;236;1044.130739
762;-669;223;1038.236004
751;-680;204;1033.44908
758;-693;181;1042.86816
783;-694;178;1061.324173
800;-630;189;1035.674177
787;-680;183;1056.057764
812;-690;179;1080.502198
852;-656;128;1082.877648
811;-710;96;1082.14463
794;-822;106;1147.761299
856;-1093;99;1391.828294
979;-1138;110;1505.186035
1086;-1173;101;1601.725944
1148;-1113;94;1601.720637
899;-960;64;1316.775228
359;-966;382;1099.072791
-303;-1292;812;1555.768942
-740;-1427;1241;2030.765865
-834;-1339;1293;2039.687721
-861;-1185;1152;1863.504763
-774;-944;885;1507.792094
-612;-649;609;1080.104625
-452;-325;356;660.8063256
-299;-53;186;356.098301
-153;113;86;208.7438622
-14;194;71;207.0579629
131;162;64;217.9472413
388;51;8;391.4192126
678;-117;-28;688.5905895
491;-557;499;894.6122065
1266;-1298;376;1851.738642
1524;-1432;153;2096.809243
1493;-1626;195;2216.066335
1118;-1403;106;1797.100164
784;-1194;47;1429.160943
735;-971;178;1230.751803
735;-971;178;1230.751803
918;-1072;167;1421.195623
891;-1142;102;1452.04993
728;-1087;65;1309.877093
686;-875;235;1136.418057
746;-691;263;1050.317095
821;-615;205;1046.083649
796;-692;181;1070.159334
720;-753;203;1061.42263
652;-771;205;1030.325191
672;-757;206;1032.990319
721;-785;253;1095.479347
732;-899;243;1184.514246
810;-1062;256;1359.955882
927;-1252;204;1571.129848
1176;-1359;145;1803.020244
1443;-1508;69;2088.318462
1578;-1267;71;2024.947901
1059;-1029;250;1497.605422
536;-798;360;1026.498904
742;-179;2;763.2882811
691;226;6;727.0440152
586;384;2;700.6111618
400;300;7;500.0489976
198;35;36;204.2669822
20;-400;116;416.9604298
-89;-850;432;957.6246655
-207;-1254;769;1485.505301
-319;-1521;912;1801.928411
-472;-1669;1411;2235.903844
-525;-1796;1518;2409.474009
174;-1886;393;1934.352863
567;-1541;173;1651.090246
470;-1184;254;1298.950345
375;-960;280;1068.000468
440;-925;264;1057.790622
571;-831;314;1056.029356
-1158;-220;444;1259.563416
-1145;-190;331;1206.932475
-1054;-224;227;1101.190719
-252;-540;25;596.4302139
702;-876;62;1124.288219
1286;-1149;481;1790.351362
1407;-1221;515;1932.799783
1107;-1163;286;1630.89362
830;-861;411;1264.571864
1037;-1070;28;1490.319764
827;-1035;82;1327.357525
763;-790;204;1117.087732
731;-717;205;1044.25811
767;-685;206;1048.785011
786;-631;249;1038.247562
792;-605;248;1027.031158
794;-637;166;1031.3879
780;-670;145;1038.424287
774;-654;176;1028.478488
768;-679;209;1046.205525
748;-672;224;1030.176684
735;-663;227;1015.540743
750;-653;212;1016.785621
762;-705;202;1057.578839
764;-730;212;1077.747651
764;-735;211;1080.944957
841;-774;211;1162.272773
840;-816;198;1187.712086
841;-988;110;1302.123266
945;-1055;71;1418.129402
985;-1116;50;1489.355901
839;-1117;82;1399.404874
547;-1025;206;1179.944914
-61;-1201;619;1352.509889
-428;-1300;915;1646.331984
-679;-1336;1008;1806.101049
-723;-1230;883;1677.890938
-613;-999;713;1371.910711
-411;-699;489;946.9123507
-209;-374;308;527.656138
-18;-97;179;204.386888
140;62;78;171.8371322
403;92;-84;421.8163107
298;-113;64;325.0676853
944;-392;402;1098.364238
1478;-832;434;1750.732418
1632;-1100;496;2029.640362
1353;-1266;282;1874.270258
